Estimate Year,Label (Grouping),"Census Tract 4052, Alameda County, California!!Number!!Estimate","Census Tract 4052, Alameda County, California!!Median income (dollars)!!Estimate","Census Tract 4053.01, Alameda County, California!!Number!!Estimate","Census Tract 4053.01, Alameda County, California!!Median income (dollars)!!Estimate","Census Tract 4053.02, Alameda County, California!!Number!!Estimate","Census Tract 4053.02, Alameda County, California!!Median income (dollars)!!Estimate","Census Tract 4054.01, Alameda County, California!!Number!!Estimate","Census Tract 4054.01, Alameda County, California!!Median income (dollars)!!Estimate","Census Tract 4054.02, Alameda County, California!!Number!!Estimate","Census Tract 4054.02, Alameda County, California!!Median income (dollars)!!Estimate","Census Tract 4055, Alameda County, California!!Number!!Estimate","Census Tract 4055, Alameda County, California!!Median income (dollars)!!Estimate","Census Tract 4056, Alameda County, California!!Number!!Estimate","Census Tract 4056, Alameda County, California!!Median income (dollars)!!Estimate","Census Tract 4057, Alameda County, California!!Number!!Estimate","Census Tract 4057, Alameda County, California!!Median income (dollars)!!Estimate","Census Tract 4058, Alameda County, California!!Number!!Estimate","Census Tract 4058, Alameda County, California!!Median income (dollars)!!Estimate","Census Tract 4059.01, Alameda County, California!!Number!!Estimate","Census Tract 4059.01, Alameda County, California!!Median income (dollars)!!Estimate","Census Tract 4059.02, Alameda County, California!!Number!!Estimate","Census Tract 4059.02, Alameda County, California!!Median income (dollars)!!Estimate","Census Tract 4060, Alameda County, California!!Number!!Estimate","Census Tract 4060, Alameda County, California!!Median income (dollars)!!Estimate"
2017,    Households,"2,407","77,688","1,548","62,500","1,448","41,111","1,688","46,790","1,133","41,521","1,580","56,005","1,371","58,138","1,353","50,344","1,333","38,794","1,080","36,214",956,"36,000","1,405","35,457"
2017,        One race--,,,,,,,,,,,,,,,,,,,,,,,,
2017,            White,"1,080","83,258",853,"90,391",619,"62,431",450,"54,722",219,-,533,"90,074",571,"61,250",327,"58,750",262,"92,750",175,"51,926",181,"58,250",384,"74,938"
2017,            Black or African American,419,"63,813",384,"38,500",228,-,404,"32,123",350,"41,048",272,"51,932",273,"60,875",562,"34,674",393,"31,587",205,"32,083",196,"22,500",234,"27,308"
2017,            American Indian and Alaska Native,46,"59,074",7,-,7,-,12,-,42,"52,188",0,-,46,-,9,-,9,-,51,-,11,-,6,-
2017,            Asian,594,"69,821",154,-,463,"21,893",493,-,319,"29,950",663,"39,125",307,"56,047",306,"68,214",510,"35,714",367,"35,368",409,"34,125",570,"18,158"
2017,            Native Hawaiian and Other Pacific Islander,0,-,7,-,0,-,0,-,52,-,6,-,0,-,0,-,25,-,0,-,15,-,7,-
2017,            Some other race,152,"88,661",52,-,59,-,205,"47,695",108,"51,689",22,-,77,"50,990",98,"67,500",70,-,272,"36,528",118,"25,500",129,-
2017,        Two or more races,116,"66,419",91,-,72,"36,316",124,"70,789",43,"64,567",84,"51,848",97,"76,528",51,-,64,-,10,-,26,"40,625",75,"89,712"
2017,        Hispanic or Latino origin (of any race),394,"87,946",105,-,139,"35,521",299,"46,182",188,"51,840",166,"50,278",285,"52,240",170,"50,972",214,-,425,"50,230",215,"35,972",172,"35,500"
2017,"        White alone, not Hispanic or Latino",911,"87,716",816,"91,875",544,"64,038",338,"57,045",191,-,423,"93,472",399,"60,804",237,"62,098",163,"132,125",50,"86,750",97,"86,250",341,"76,250"
2017,    15 to 24 years,54,"53,594",62,"60,565",44,-,94,"49,167",43,-,36,-,52,-,88,-,96,"28,846",40,-,73,"18,750",33,-
2017,    25 to 44 years,"1,215","88,083",776,"65,714",665,"48,631",782,"54,352",575,"51,769",728,"57,177",719,"55,912",609,"51,989",510,"36,094",369,"40,703",327,"62,875",554,"66,136"
2017,    45 to 64 years,815,"76,186",449,"78,688",390,-,582,"26,563",460,"32,024",604,"57,167",417,"73,977",516,"52,222",561,"50,893",489,"32,629",396,"36,500",487,-
2017,    65 years and over,323,-,261,-,349,"18,271",230,"26,875",55,"19,464",212,-,183,"48,105",140,"24,783",166,"33,333",182,"52,109",160,"26,250",331,"18,136"
2017,    Families,"1,044","85,652",607,"66,726",438,-,734,"48,600",664,"32,717",935,"57,068",673,"92,865",720,"50,625",926,"42,656",900,"36,643",730,"41,111",612,"35,061"
2017,        With own children of householder under 18 years,362,-,175,"66,250",155,"31,435",296,"50,930",361,"34,219",361,-,343,"104,570",250,-,387,"26,417",465,"36,319",343,"50,054",179,"36,964"
2017,        With no own children of householder under 18 years,682,"89,091",432,"78,500",283,"76,354",438,"43,438",303,"32,120",574,"60,556",330,"72,109",470,"51,528",539,"49,712",435,"36,985",387,"30,347",433,"31,736"
2017,        Married-couple families,877,"88,068",394,"96,574",322,"48,958",459,"56,875",411,"40,563",557,"65,302",363,"110,486",441,"57,321",498,"38,333",568,"37,969",467,"44,609",529,"33,625"
2017,            With own children under 18 years,335,-,103,"152,656",88,-,188,"58,068",270,"40,294",200,"67,167",174,"148,750",156,-,239,"27,194",307,"40,391",242,"51,429",179,"36,964"
2017,"        Female householder, no husband present",109,-,173,"60,972",72,-,168,-,163,"22,986",185,"36,250",168,"54,868",181,"43,092",308,"45,455",244,"25,250",192,"38,000",68,-
2017,            With own children under 18 years,27,-,72,"61,111",40,"2,500-",74,"46,324",82,"28,438",38,"20,921",113,-,87,-,129,"18,665",125,"19,750",97,-,0,-
2017,"        Male householder, no wife present",58,-,40,-,44,-,107,"41,250",90,"40,500",193,-,142,"64,583",98,"57,625",120,"81,250",88,"53,333",71,"23,456",15,-
2017,            With own children under 18 years,0,-,0,-,27,-,34,"51,429",9,-,123,"17,461",56,"68,718",7,-,19,-,33,-,4,-,0,-
2017,    2-person families,(X),"74,732",(X),"64,167",(X),"35,250",(X),"24,013",(X),"30,598",(X),"57,569",(X),"62,375",(X),"54,219",(X),"42,917",(X),"31,875",(X),"24,929",(X),"35,250"
2017,    3-person families,(X),-,(X),"66,369",(X),-,(X),"50,856",(X),-,(X),"57,453",(X),"69,231",(X),-,(X),"45,170",(X),"56,218",(X),"29,567",(X),-
2017,    4-person families,(X),-,(X),"167,500",(X),-,(X),"62,904",(X),"30,556",(X),"55,750",(X),"140,208",(X),"53,750",(X),"39,531",(X),"22,292",(X),"41,250",(X),-
2017,    5-person families,(X),-,(X),-,(X),-,(X),"46,979",(X),"41,471",(X),"102,708",(X),-,(X),"42,879",(X),-,(X),"44,519",(X),"62,000",(X),-
2017,    6-person families,(X),-,(X),-,(X),-,(X),-,(X),"79,141",(X),-,(X),-,(X),-,(X),"46,033",(X),"56,484",(X),"84,375",(X),-
2017,    7-or-more person families,(X),-,(X),-,(X),-,(X),-,(X),-,(X),-,(X),-,(X),"126,295",(X),-,(X),-,(X),"85,000",(X),-
2017,    No earners,116,"27,698",70,-,87,"17,944",73,"11,150",32,-,64,"19,457",48,-,84,-,120,-,51,"33,603",88,"10,833",115,"18,092"
2017,    1 earner,279,"107,596",138,"61,019",161,"31,528",335,"46,128",255,"28,050",373,"24,637",186,"63,333",220,"50,139",317,"24,760",476,"23,065",258,"24,375",121,"35,708"
2017,    2 earners,596,"91,250",383,"78,063",149,"115,625",225,"63,438",271,"41,202",345,"77,422",398,"106,250",295,"44,390",365,"53,472",243,"42,788",253,"63,021",319,"115,139"
2017,    3 or more earners,53,"250,000+",16,-,41,"118,194",101,-,106,"63,558",153,"95,956",41,"111,827",121,"125,759",124,"71,613",130,"107,500",131,-,57,-
2017,    Nonfamily households,"1,363","75,504",941,"54,967","1,010","40,903",954,"35,278",469,"46,793",645,"50,773",698,"43,846",633,"45,524",407,"31,750",180,"26,250",226,"21,923",793,"41,625"
2017,        Female householder,749,"76,681",543,"47,050",441,"36,932",431,"43,194",264,"48,500",405,"62,969",290,"41,111",256,"45,481",237,"38,194",97,-,109,"37,159",458,-
2017,            Living alone,483,"51,319",392,"42,336",382,"35,227",331,-,244,"41,136",254,"45,326",245,"40,417",191,-,138,-,56,-,104,"36,591",338,"14,914"
2017,            Not living alone,266,"109,074",151,"107,083",59,-,100,"73,553",20,-,151,"81,094",45,-,65,"45,903",99,"70,139",41,-,5,-,120,"74,545"
2017,        Male householder,614,"74,429",398,"62,083",569,"41,292",523,"31,840",205,"46,359",240,"33,750",408,"48,841",377,"45,547",170,"30,769",83,"50,647",117,"18,472",335,"55,034"
2017,            Living alone,401,"58,843",240,-,501,"35,066",376,"30,278",138,"46,196",205,"28,646",282,"36,250",284,"45,885",110,"28,690",49,"51,563",91,"16,042",145,-
2017,            Not living alone,213,"92,396",158,"94,808",68,-,147,"52,250",67,-,35,-,126,"106,429",93,"39,522",60,"94,000",34,-,26,-,190,-
2018,    Households,"2,427","86,307","1,584","65,208","1,401","42,682","1,730","51,434","1,167","51,414","1,557","59,513","1,409","64,583","1,340","53,873","1,351","47,061","1,089","34,291",923.0,"40,089","1,465","41,971"
2018,        One race--,,,,,,,,,,,,,,,,,,,,,,,,
2018,            White,"1,164","91,854",802,"96,196",670,"64,214",410,"61,250",278,"83,250",656,"94,444",637,"73,194",315,"67,946",277,"96,369",175,"53,264",156.0,"71,500",402,"76,111"
2018,            Black or African American,411,"55,893",357,"54,659",169,-,416,"32,443",377,"42,978",292,"56,250",300,"72,083",496,"32,872",369,"43,125",193,"31,050",169.0,"33,906",261,"31,932"
2018,            American Indian and Alaska Native,25,-,0,-,8,-,0,-,43,-,0,-,45,-,17,-,17,-,56,-,11.0,-,10,-
2018,            Asian,604,"78,816",194,"40,227",443,"23,322",524,"48,333",292,"25,000",495,"55,694",249,"56,354",333,"73,315",531,"37,361",359,"36,359",443.0,"32,009",587,"23,194"
2018,            Native Hawaiian and Other Pacific Islander,0,-,14,-,0,-,0,-,19,-,11,-,0,-,0,-,20,-,11,-,2.0,-,8,-
2018,            Some other race,125,-,111,-,55,-,242,"50,227",112,"53,750",21,-,97,"41,875",114,"68,125",95,"65,221",265,"24,479",119.0,"36,705",137,"36,750"
2018,        Two or more races,98,"81,250",106,-,56,"36,250",138,"76,364",46,"64,896",82,"51,643",81,"95,054",65,"38,125",42,-,30,-,23.0,"31,875",60,-
2018,        Hispanic or Latino origin (of any race),370,"110,714",192,"98,056",142,"32,097",262,"50,985",210,"53,396",168,"51,375",295,"49,219",189,"65,417",211,"46,424",445,"32,708",175.0,"45,125",208,"58,125"
2018,"        White alone, not Hispanic or Latino","1,013","92,037",756,"95,652",576,"75,313",335,"60,188",232,"86,125",554,"104,000",470,"73,241",230,"76,786",193,"135,037",49,"88,631",106.0,"90,588",341,"108,875"
2018,    15 to 24 years,57,"53,292",44,"63,214",50,-,81,"66,080",36,-,28,-,67,-,74,"69,643",63,"37,917",64,-,62.0,"14,444",25,-
2018,    25 to 44 years,"1,154","91,711",827,"81,625",669,"52,575",863,"61,438",667,"54,080",713,"91,193",676,"72,750",634,"57,639",525,"46,629",366,"38,716",311.0,"72,250",514,"70,000"
2018,    45 to 64 years,791,"82,250",449,"67,321",368,"46,447",531,"31,450",402,"44,773",560,"61,481",470,"78,750",482,"53,125",573,"62,067",466,"29,792",338.0,"41,000",590,"42,212"
2018,    65 years and over,425,"65,188",264,"35,789",314,"19,717",255,"30,923",62,"16,875",256,-,196,"47,344",150,"30,417",190,"34,167",193,"54,234",212.0,"20,694",336,"16,087"
2018,    Families,958,"108,452",612,"67,241",484,"49,375",699,"53,527",697,"42,098",870,"72,500",664,"74,766",688,"56,641",934,"46,815",904,"34,662",693.0,"44,583",667,"37,614"
2018,        With own children of householder under 18 years,327,"127,750",173,-,155,"31,411",276,"50,500",362,"32,397",323,"94,375",240,"108,846",253,-,371,"31,157",419,"37,534",278.0,"65,208",167,"36,464"
2018,        With no own children of householder under 18 years,631,"104,450",439,"64,375",329,"98,393",423,"60,288",335,"50,417",547,"63,646",424,"65,500",435,"72,989",563,"61,776",485,"34,628",415.0,"34,148",500,"41,442"
2018,        Married-couple families,799,"111,827",458,"99,167",357,"68,229",490,"60,577",373,"49,653",632,"94,167",353,"116,250",435,"74,306",433,"35,139",535,"37,703",447.0,"48,250",527,-
2018,            With own children under 18 years,316,"114,038",109,"163,750",80,-,187,"56,063",245,"45,313",250,"127,692",137,"158,125",163,-,186,"30,185",244,"39,265",211.0,"72,250",167,"36,464"
2018,"        Female householder, no husband present",122,"109,231",154,"63,977",67,-,133,"45,813",206,"30,490",152,"36,154",143,-,147,-,397,"57,031",255,"22,436",187.0,"34,844",125,"35,368"
2018,            With own children under 18 years,11,-,64,"65,690",44,"2,500-",54,"46,125",107,"30,858",30,-,54,-,90,-,159,-,132,"21,250",64.0,"50,469",0,-
2018,"        Male householder, no wife present",37,-,0,-,60,-,76,"67,813",118,"51,111",86,"49,688",168,"51,979",106,"44,815",104,-,114,"34,861",59.0,"31,625",15,-
2018,            With own children under 18 years,0,-,0,-,31,-,35,-,10,-,43,-,49,"71,250",0,-,26,-,43,-,3.0,-,0,-
2018,    2-person families,497,"103,450",394,"64,583",315,-,259,"46,827",217,"42,125",316,-,361,"63,523",303,"60,885",297,"31,369",221,"27,303",229.0,"31,750",315,"41,683"
2018,    3-person families,197,"162,596",196,"66,983",76,-,213,"52,891",254,-,291,"94,875",76,"71,290",151,-,222,"61,739",213,"39,556",190.0,"31,458",115,"84,602"
2018,    4-person families,239,-,11,-,82,-,131,"62,878",111,"41,477",183,"57,306",149,"158,787",131,"44,813",185,"60,347",172,"22,440",95.0,-,169,-
2018,    5-person families,20,-,1,-,0,-,78,"56,875",80,-,34,"99,000",37,-,58,"10,750",131,"52,656",180,"39,706",93.0,"63,750",36,"39,091"
2018,    6-person families,0,-,10,-,0,-,0,-,27,"81,806",18,-,41,-,4,-,64,"46,337",93,-,49.0,"105,521",32,"35,972"
2018,    7-or-more person families,5,-,0,-,11,-,18,-,8,-,28,-,0,-,41,"131,250",35,-,25,-,37.0,"110,179",0,-
2018,    No earners,132,"28,304",80,"26,786",100,"18,167",78,"12,241",44,"15,208",46,"19,211",23,"19,191",55,-,135,"25,625",76,"34,444",125.0,"14,554",74,"11,779"
2018,    1 earner,255,"111,827",92,"63,854",164,"31,129",286,"52,500",319,"30,805",279,"37,868",161,"41,488",229,"50,625",310,"30,500",531,"22,804",180.0,-,134,"32,604"
2018,    2 earners,507,"131,375",429,"79,125",181,"104,803",270,"67,679",229,"79,635",394,"101,912",400,"106,786",277,"46,193",375,"66,544",190,"52,714",249.0,"71,354",399,"82,670"
2018,    3 or more earners,64,"250,000+",11,-,39,"123,068",65,"52,434",105,"78,843",151,"99,191",80,"112,727",127,"97,266",114,"73,571",107,"115,781",139.0,"79,904",60,-
2018,    Nonfamily households,"1,469","78,380",972,"62,143",917,"41,888","1,031","40,990",470,"52,711",687,"51,003",745,"51,492",652,"47,143",417,"50,156",185,"21,844",230.0,"31,875",798,"55,227"
2018,        Female householder,833,"80,446",501,"48,472",377,"45,855",486,"40,556",248,"52,547",394,"51,618",355,"48,281",304,"39,808",287,"45,586",89,-,120.0,"45,469",375,-
2018,            Living alone,493,"56,607",399,"42,958",327,"37,404",378,"26,944",230,"50,682",260,"45,804",267,"41,490",213,"37,837",180,-,43,-,114.0,"42,500",273,-
2018,            Not living alone,340,"110,357",102,"120,156",50,"100,357",108,"64,722",18,-,134,"111,429",88,"106,304",91,-,107,"73,021",46,-,6.0,-,102,"82,794"
2018,        Male householder,636,"73,417",471,"69,607",540,"40,585",545,"41,250",222,"53,194",293,"50,107",390,"51,935",348,"48,913",130,"62,500",96,-,110.0,"16,250",423,"56,932"
2018,            Living alone,393,"52,417",265,"52,938",463,"28,237",391,"31,850",132,-,232,-,250,"38,750",279,"47,250",56,-,65,-,83.0,-,239,-
2018,            Not living alone,243,"92,589",206,"168,214",77,"75,972",154,"74,167",90,"87,250",61,"137,083",140,"108,875",69,"68,393",74,"95,833",31,-,27.0,-,184,-
2019,    Households,"2,414","90,532","1,572","84,917","1,377","47,444","1,657","51,018","1,180","54,093","1,572","62,778","1,386","59,875","1,368","61,444","1,338","48,846","1,100","42,028",925.0,"44,922","1,551","46,394"
2019,        One race--,,,,,,,,,,,,,,,,,,,,,,,,
2019,            White,"1,230","94,444",907,"112,014",572,"64,844",441,"60,850",271,"85,139",555,"95,817",636,"87,115",293,"80,625",275,"125,469",162,"72,065",139.0,"92,102",523,"73,958"
2019,            Black or African American,342,"54,565",243,"56,302",233,"75,607",314,"39,545",365,"44,250",419,"53,257",305,"53,393",451,"33,918",372,"48,750",191,"34,904",183.0,"48,359",271,-
2019,            American Indian and Alaska Native,15,-,0,-,8,-,0,-,45,-,7,-,39,-,14,-,19,-,19,-,6.0,-,6,-
2019,            Asian,599,"107,580",186,-,490,"21,991",539,"48,977",302,"41,591",463,"58,789",247,"47,679",413,"76,125",525,"31,588",394,-,430.0,"32,500",567,"35,972"
2019,            Native Hawaiian and Other Pacific Islander,0,-,13,-,0,-,0,-,18,-,15,-,0,-,0,-,25,-,9,-,0.0,-,3,-
2019,            Some other race,132,"92,155",107,-,25,"83,375",245,"41,860",116,"61,389",30,-,76,"44,250",118,"62,100",79,"60,893",286,"30,909",137.0,"39,432",132,"38,387"
2019,        Two or more races,96,-,116,"130,071",49,"45,375",118,"95,395",63,"66,250",83,-,83,"98,508",79,"60,104",43,-,39,-,30.0,"44,500",49,"188,011"
2019,        Hispanic or Latino origin (of any race),325,"94,018",208,-,106,"33,981",276,"51,419",194,"54,718",140,-,268,"51,250",149,"70,625",178,"46,447",427,"51,083",200.0,"46,071",291,"46,298"
2019,"        White alone, not Hispanic or Latino","1,080","97,500",856,"111,528",502,"70,556",388,"58,750",237,"89,861",480,"96,667",464,"95,250",239,"81,042",204,"138,828",47,"91,250",91.0,"95,750",370,"118,056"
2019,    15 to 24 years,49,"53,867",7,-,29,"84,844",59,-,36,-,14,-,52,-,85,"82,629",44,-,62,-,50.0,"17,813",25,-
2019,    25 to 44 years,"1,176","94,615",849,"112,366",655,"75,607",838,"71,250",675,"60,417",657,"93,646",655,"86,250",663,"63,125",536,"50,227",444,"58,629",324.0,"90,227",529,"67,589"
2019,    45 to 64 years,734,"92,857",486,"81,548",353,"45,387",500,"47,143",395,"52,563",554,"64,375",483,"65,750",533,"54,596",524,"61,071",390,"34,808",325.0,"46,534",649,"57,875"
2019,    65 years and over,455,"52,365",230,"35,938",340,"19,000",260,"25,119",74,-,347,"36,861",196,"40,104",87,-,234,"33,125",204,-,226.0,"18,611",348,"14,934"
2019,    Families,984,"117,885",558,"82,407",460,-,726,"52,500",672,"60,375",838,"86,429",694,"79,000",646,"75,142",907,"48,125",932,"45,714",657.0,"43,672",744,"44,657"
2019,        With own children of householder under 18 years,344,"168,750",184,"73,750",126,"36,250",284,"47,333",318,"62,222",298,"69,079",273,"110,917",265,"49,542",384,"40,250",391,"54,196",260.0,"53,750",263,"38,505"
2019,        With no own children of householder under 18 years,640,"109,063",374,"84,868",334,"103,077",442,"62,206",354,"51,842",540,"95,938",421,"72,604",381,"77,107",523,"53,958",541,"39,479",397.0,"36,964",481,"64,904"
2019,        Married-couple families,814,"131,875",454,"103,750",397,"60,972",489,"65,072",362,"65,227",560,"103,214",372,"114,531",440,"80,833",421,"40,875",524,"50,000",428.0,"47,054",561,"62,596"
2019,            With own children under 18 years,329,"170,375",122,"156,389",99,"41,250",146,"41,200",217,"62,083",231,"101,458",164,"160,303",174,-,185,"27,460",191,"59,234",197.0,"97,625",254,"38,261"
2019,"        Female householder, no spouse present",131,"112,411",104,"69,063",25,-,155,-,163,"31,602",195,-,184,-,142,-,385,"49,952",269,-,189.0,"35,069",160,"39,688"
2019,            With own children under 18 years,15,-,62,"67,969",0,-,70,"46,500",63,"31,836",32,-,93,-,91,-,159,"50,568",112,"21,500",59.0,-,0,-
2019,"        Male householder, no spouse present",39,-,0,-,38,-,82,"53,533",147,"63,194",83,"60,260",138,"52,609",64,"75,500",101,-,139,"55,489",40.0,"32,083",23,-
2019,            With own children under 18 years,0,-,0,-,27,-,68,"53,152",38,"86,923",35,-,16,-,0,-,40,-,88,-,4.0,-,9,-
2019,    2-person families,502,"104,018",372,"83,158",281,-,337,"48,424",209,-,366,"100,938",391,"61,771",206,"90,227",307,-,254,-,256.0,"30,972",305,-
2019,    3-person families,241,"178,047",138,"69,688",100,-,236,"52,262",239,"51,908",251,-,82,-,172,"75,349",214,"65,000",217,"39,583",165.0,"33,906",110,"86,136"
2019,    4-person families,181,-,33,"223,068",62,-,125,"65,601",129,"51,908",153,"68,750",136,"161,742",138,"73,000",180,"43,750",168,"33,561",88.0,"77,708",214,"37,742"
2019,    5-person families,39,"250,000+",15,-,0,-,28,-,63,"65,774",30,"101,250",56,-,42,-,130,-,208,"83,654",81.0,"54,375",62,"89,667"
2019,    6-person families,15,-,0,-,0,-,0,-,23,-,19,-,29,-,37,"49,042",38,-,71,-,33.0,"106,806",53,-
2019,    7-or-more person families,6,-,0,-,17,-,0,-,9,-,19,-,0,-,51,"133,607",38,-,14,-,34.0,"150,714",0,-
2019,    No earners,92,"30,640",64,"27,500",56,"19,392",71,"11,125",33,-,61,-,49,"11,976",51,-,128,"25,500",55,"38,565",122.0,"16,538",47,"18,264"
2019,    1 earner,281,"70,956",91,"64,716",129,"26,964",324,"48,068",281,"32,474",286,"50,682",170,"46,250",231,"65,313",315,"31,012",454,"24,107",184.0,"24,444",249,"36,141"
2019,    2 earners,520,"157,097",403,"103,702",214,"104,167",254,"88,286",246,"79,022",376,"121,818",397,"109,219",170,"93,250",376,"64,865",277,"59,556",230.0,"90,114",369,"118,274"
2019,    3 or more earners,91,"250,000+",0,-,61,"104,632",77,"65,094",112,"79,000",115,"89,583",78,"117,727",194,"77,500",88,"64,545",146,"112,727",121.0,"92,813",79,"73,646"
2019,    Nonfamily households,"1,430","80,123","1,014","80,455",917,"46,922",931,"45,179",508,"52,933",734,"50,417",692,"51,919",722,"54,853",431,"50,507",168,-,268.0,"38,971",807,"57,734"
2019,        Female householder,783,"73,984",542,"64,919",393,"45,923",488,"45,119",266,"52,851",412,"52,759",296,"70,132",326,"52,778",280,"45,078",56,-,124.0,"48,667",323,-
2019,            Living alone,480,"48,472",399,"48,565",359,"37,159",375,"30,368",231,"44,625",328,-,192,"47,778",243,"54,861",183,-,35,-,116.0,"48,000",215,-
2019,            Not living alone,303,"109,734",143,"138,281",34,-,113,"78,787",35,"205,341",84,"114,211",104,"107,159",83,-,97,"72,969",21,-,8.0,-,108,"84,500"
2019,        Male householder,647,"81,162",472,"84,773",524,"61,071",443,"47,639",242,"53,194",322,"37,278",396,"50,116",396,"58,000",151,"52,969",112,"22,232",144.0,"31,250",484,"58,698"
2019,            Living alone,413,"65,852",278,"47,000",443,"45,350",284,"37,981",161,-,251,"36,028",267,"40,216",333,"54,890",105,"51,047",81,"21,979",88.0,-,327,"23,618"
2019,            Not living alone,234,"110,667",194,"188,889",81,"76,806",159,"81,607",81,"99,191",71,"235,050",129,"88,750",63,"68,393",46,"137,604",31,-,56.0,-,157,"172,891"
2020,    Households,"2,215","83,551","1,520","105,112","1,314","57,216","1,612","57,153","1,154","52,136","1,499","77,528","1,388","70,909","1,470","64,938","1,287","51,851","1,074","48,846",950.0,"55,192","1,627","47,015"
2020,        One race--,,,,,,,,,,,,,,,,,,,,,,,,
2020,            White,"1,198","93,261",903,"107,055",546,"70,000",538,"63,542",228,"87,656",500,"85,938",539,"54,769",313,"85,313",240,"87,143",137,"64,375",157.0,"177,708",521,"66,250"
2020,            Black or African American,259,"57,266",215,-,250,"76,552",239,"47,669",347,-,415,"67,788",343,"64,625",683,"63,627",311,"47,218",159,"40,365",158.0,"48,056",336,-
2020,            American Indian and Alaska Native,0,-,0,-,0,-,0,-,29,"55,486",0,-,45,-,8,-,13,-,0,-,7.0,-,6,-
2020,            Asian,543,"79,676",194,-,446,-,491,"60,481",342,"41,667",388,"69,783",262,"112,763",302,"83,587",516,"31,058",374,"80,658",425.0,"42,411",529,"36,528"
2020,            Native Hawaiian and Other Pacific Islander,0,-,8,-,0,-,0,-,20,-,12,-,0,-,0,-,0,-,8,-,0.0,-,7,-
2020,            Some other race,130,"110,125",80,-,14,-,253,"50,795",145,"51,985",101,-,86,"43,750",90,"69,500",108,"61,429",281,"41,691",157.0,"46,875",162,"39,821"
2020,        Two or more races,85,"146,250",120,"86,250",58,-,91,"95,547",43,-,83,-,113,"145,462",74,-,99,-,115,"32,276",46.0,"68,750",66,"133,977"
2020,        Hispanic or Latino origin (of any race),317,"110,188",234,"90,208",88,-,273,"66,563",205,"56,458",164,"82,500",239,"44,375",124,-,189,"60,580",487,"54,732",198.0,"68,333",317,"46,709"
2020,"        White alone, not Hispanic or Latino","1,053","92,989",850,"106,695",508,"73,214",511,"58,068",186,"98,438",447,"82,266",413,"56,875",245,"82,401",184,"119,286",25,-,135.0,"178,065",394,"120,769"
2020,    15 to 24 years,42,"56,413",6,-,25,"84,821",30,"80,682",38,-,36,"81,944",26,-,77,-,52,-,54,-,41.0,"22,639",30,-
2020,    25 to 44 years,"1,074","90,547",931,"112,321",667,"84,938",877,"77,664",558,"71,406",694,"97,875",653,"80,422",612,"77,368",547,"54,866",483,"51,172",449.0,"69,951",555,"61,164"
2020,    45 to 64 years,630,"84,167",383,"82,813",270,"48,529",387,"48,589",421,"34,894",494,"69,474",532,"91,528",698,"64,540",471,"60,240",359,"43,047",285.0,"47,813",623,"59,861"
2020,    65 years and over,469,"68,203",200,"35,938",352,"18,421",318,"19,375",137,"23,691",275,"36,179",177,"41,550",83,-,217,-,178,-,175.0,"21,406",419,"18,194"
2020,    Families,923,"133,068",453,"85,179",406,"112,500",757,"57,313",767,"56,964",718,"98,250",599,"84,732",590,"82,143",853,"63,156",927,"55,378",637.0,"45,489",778,"47,917"
2020,        With own children of householder under 18 years,330,"167,083",176,-,66,"50,469",259,"48,732",302,"51,029",187,"88,036",202,"117,500",207,-,326,"63,250",443,"50,078",248.0,"65,833",316,"37,100"
2020,        With no own children of householder under 18 years,593,"114,554",277,"85,536",340,"121,250",498,"72,935",465,"66,161",531,"98,938",397,"77,330",383,"86,771",527,"62,266",484,"60,000",389.0,"40,096",462,"69,688"
2020,        Married-couple families,763,"153,417",338,"122,763",311,"105,688",520,"74,130",516,"61,250",455,"120,987",325,"128,819",426,"93,824",476,"59,167",500,"57,500",368.0,"73,889",515,"63,417"
2020,            With own children under 18 years,295,"173,438",105,"194,861",66,"50,469",115,-,225,"47,708",151,"152,760",126,"160,000",145,"133,472",221,"67,102",188,"58,681",166.0,"101,000",252,"38,784"
2020,"        Female householder, no spouse present",105,"114,213",115,"69,625",41,-,143,"47,697",137,"43,558",142,-,137,"41,845",123,-,292,"63,188",233,"49,519",238.0,"35,800",192,"36,750"
2020,            With own children under 18 years,19,-,71,"67,875",0,-,79,"48,268",38,-,0,-,62,-,62,-,88,"62,625",126,-,82.0,"20,583",55,-
2020,"        Male householder, no spouse present",55,"56,467",0,-,54,-,94,"53,977",114,"78,750",121,"78,157",137,"53,036",41,-,85,"92,552",194,"55,119",31.0,"33,854",71,-
2020,            With own children under 18 years,16,-,0,-,0,-,65,"53,153",39,"86,641",36,-,14,-,0,-,17,-,129,-,0.0,-,9,-
2020,    2-person families,397,"112,768",285,"74,962",292,"118,750",366,"57,000",293,-,325,"121,150",292,"65,357",269,"92,868",281,"32,750",258,-,212.0,"34,412",299,-
2020,    3-person families,235,"182,083",117,-,75,"106,250",273,"52,585",219,"65,446",175,"114,866",73,-,95,"78,828",201,"86,179",184,"40,469",189.0,"30,341",147,"69,297"
2020,    4-person families,172,-,46,"226,023",21,-,88,"66,744",193,"42,569",169,"78,665",138,"215,217",149,-,212,"76,786",147,"52,422",90.0,"80,682",216,"38,304"
2020,    5-person families,43,-,5,-,0,-,30,-,37,"67,639",15,"101,250",67,"168,516",15,-,134,-,272,-,86.0,"74,167",56,"92,167"
2020,    6-person families,16,-,0,-,0,-,0,-,20,-,16,-,29,-,24,"49,265",18,-,60,"126,447",30.0,"120,714",60,"36,100"
2020,    7-or-more person families,60,-,0,-,18,-,0,-,5,-,18,-,0,-,38,"133,611",7,-,6,-,30.0,"154,375",0,-
2020,    No earners,86,-,50,-,57,"19,798",51,"11,250",29,-,56,"25,833",44,-,20,-,122,"25,214",63,-,111.0,"16,488",46,"19,722"
2020,    1 earner,231,"55,489",80,"72,778",74,"40,446",315,"48,732",299,"34,766",196,"67,500",134,"50,547",246,"65,205",228,"33,859",414,"30,459",177.0,"21,921",225,"35,813"
2020,    2 earners,497,"208,281",323,"121,597",220,"168,100",307,"93,493",338,"81,579",355,"137,768",302,"108,750",218,"107,222",360,"82,500",246,"81,100",209.0,"93,438",434,"91,500"
2020,    3 or more earners,109,-,0,-,55,"125,521",84,"72,500",101,"79,141",111,"89,821",119,"216,250",106,"99,773",143,"93,698",204,"101,719",140.0,"101,250",73,"73,750"
2020,    Nonfamily households,"1,292","72,210","1,067","105,056",908,"53,529",855,"41,979",387,"43,875",781,"53,316",789,"54,393",880,"63,698",434,"42,438",147,-,313.0,"57,708",849,"37,132"
2020,        Female householder,744,"70,797",597,"102,014",443,-,441,"38,693",208,"51,111",440,"54,300",432,"80,203",340,"64,274",242,"41,600",31,-,100.0,"48,958",399,"31,735"
2020,            Living alone,520,"63,500",419,"63,458",363,"20,221",353,"32,537",144,"44,250",379,"52,775",306,"65,313",260,"56,500",177,-,31,-,96.0,"48,750",328,"30,933"
2020,            Not living alone,224,"108,235",178,"107,331",80,-,88,"95,278",64,-,61,"115,956",126,"142,283",80,"81,711",65,-,0,-,4.0,-,71,"85,446"
2020,        Male householder,548,"75,167",470,"130,250",465,"73,869",414,"52,667",179,-,341,"36,607",357,"50,130",540,"63,612",192,"50,530",116,-,213.0,"67,951",450,"58,232"
2020,            Living alone,391,"58,229",232,"39,333",378,"59,231",282,"35,750",128,"18,333",257,"30,781",278,"42,411",468,"63,313",153,"41,932",87,"22,159",76.0,-,329,"23,516"
2020,            Not living alone,157,"111,875",238,"221,250",87,"82,337",132,"103,750",51,"137,159",84,"188,690",79,"91,736",72,"125,641",39,"140,284",29,-,137.0,-,121,"192,917"
2021,    Households,"2,266","89,828","1,556","105,128","1,453","59,801","1,617","64,432","1,191","58,184","1,561","81,131","1,453","75,142","1,497","69,552","1,362","54,909","1,111","55,945",941.0,"60,478","1,728","53,333"
2021,        One race--,,,,,,,,,,,,,,,,,,,,,,,,
2021,            White,"1,091","103,250",828,"107,051",550,"76,912",566,"67,632",238,"87,692",570,"57,845",589,"59,432",321,"120,865",234,"123,636",139,-,167.0,"183,523",593,"100,550"
2021,            Black or African American,375,"50,509",262,"115,556",390,"60,714",230,"67,768",302,"74,167",314,"83,333",317,"75,792",562,"68,542",320,"53,600",167,"37,188",166.0,"53,125",279,-
2021,            American Indian and Alaska Native,0,-,0,-,12,-,0,-,28,-,0,-,48,-,10,-,12,-,0,-,18.0,-,17,"85,781"
2021,            Asian,527,"89,784",226,-,431,"21,815",490,"51,800",384,-,426,"77,857",266,"79,000",351,"88,523",564,"29,113",402,"84,571",355.0,"44,063",565,"39,844"
2021,            Native Hawaiian and Other Pacific Islander,0,-,6,-,0,-,0,-,0,-,35,-,0,-,0,-,0,-,25,-,0.0,-,14,-
2021,            Some other race,143,"87,111",94,-,24,-,249,"54,940",189,"53,533",119,-,80,"44,674",160,"52,250",119,"63,750",224,"43,393",175.0,"53,173",188,"48,125"
2021,        Two or more races,130,-,140,"74,286",46,"85,962",82,"109,000",50,-,97,"107,625",153,"152,793",93,"63,510",113,-,154,"37,500",60.0,"73,194",72,"138,194"
2021,        Hispanic or Latino origin (of any race),223,"98,060",235,"96,635",80,-,279,"71,435",243,"59,293",174,"111,333",261,"43,987",214,"62,000",188,"63,103",454,"56,842",233.0,"72,604",285,"48,484"
2021,"        White alone, not Hispanic or Latino","1,036","103,100",793,"106,506",512,"76,912",534,"65,795",190,"78,500",518,"58,017",456,"82,188",272,"98,864",198,"128,929",42,-,135.0,"187,645",499,"114,728"
2021,    15 to 24 years,45,-,7,-,70,-,44,"63,750",73,-,40,"84,000",9,-,50,-,82,"44,231",61,-,30.0,"24,444",32,-
2021,    25 to 44 years,"1,041","95,197",977,"138,068",692,"82,404",808,"83,375",594,"76,442",674,"110,556",713,"84,128",637,"83,109",645,"63,087",458,"61,034",411.0,"74,965",612,"75,000"
2021,    45 to 64 years,613,"97,829",374,"68,125",317,"53,220",441,"51,758",353,"42,563",569,"74,013",547,"71,438",726,"68,805",459,"47,740",416,"57,012",294.0,"52,339",692,"62,188"
2021,    65 years and over,567,"78,781",198,"40,500",374,"19,152",324,"22,378",171,"22,670",278,"37,717",184,"25,769",84,"72,000",176,"52,652",176,"43,636",206.0,"22,000",392,"20,776"
2021,    Families,835,"120,163",435,"94,375",432,"106,731",729,"75,275",765,"68,454",766,"84,916",574,"103,529",716,"80,662",883,"64,725",951,"57,894",605.0,"57,054",907,"69,276"
2021,        With own children of householder under 18 years,312,"121,630",183,"202,125",89,"54,063",251,"51,445",280,"54,130",251,"93,625",175,"132,875",241,"51,838",300,"65,815",481,"57,634",238.0,"83,462",350,"40,278"
2021,        With no own children of householder under 18 years,523,"118,125",252,"86,500",343,"130,341",478,"77,917",485,"69,704",515,"84,537",399,"80,855",475,"97,610",583,"63,720",470,"58,173",367.0,"48,177",557,"78,375"
2021,        Married-couple families,624,"153,816",305,"175,781",338,"98,438",506,"84,135",487,"66,250",488,"118,659",316,"137,105",563,"77,228",445,"63,601",396,"61,125",373.0,"69,926",601,"77,697"
2021,            With own children under 18 years,233,-,133,"237,176",89,"54,063",113,-,203,"53,098",162,"165,093",116,"176,053",218,"52,206",187,-,152,"118,088",182.0,"106,618",239,"41,250"
2021,"        Female householder, no spouse present",136,"118,194",112,"73,750",45,-,114,"52,361",168,"53,182",139,"57,208",151,"52,604",90,"84,444",302,"66,413",326,"55,341",194.0,"38,553",212,"37,368"
2021,            With own children under 18 years,44,"131,630",50,"69,453",0,-,44,-,40,"48,750",43,-,51,-,23,-,94,"65,435",182,"20,897",56.0,-,84,-
2021,"        Male householder, no spouse present",75,"57,784",18,-,49,-,109,"56,150",110,"83,929",139,"82,971",107,"55,848",63,"80,150",136,"58,500",229,"58,438",38.0,"33,333",94,"96,806"
2021,            With own children under 18 years,35,"2,500-",0,-,0,-,94,"55,400",37,-,46,"59,605",8,-,0,-,19,-,147,"57,813",0.0,-,27,-
2021,    2-person families,430,"102,700",253,"85,250",293,"125,268",375,"75,363",297,"84,511",382,"83,750",310,"71,000",314,"98,529",251,"36,914",301,"34,904",230.0,"33,542",402,"100,300"
2021,    3-person families,202,"211,389",92,-,102,"63,500",245,"56,850",209,"68,914",194,"118,485",64,-,144,"82,353",233,"79,583",197,"39,228",132.0,"60,000",142,"69,583"
2021,    4-person families,98,"47,803",80,"250,000+",37,-,69,-,215,"43,563",135,"83,829",124,"226,324",145,-,199,"91,991",170,"99,107",95.0,"82,596",250,"37,250"
2021,    5-person families,16,-,10,-,0,-,40,"101,250",23,-,22,"106,563",40,"177,237",20,-,174,-,247,"88,973",79.0,"76,094",42,"126,250"
2021,    6-person families,29,-,0,-,0,-,0,-,9,-,30,"250,000+",36,-,59,"41,993",26,-,36,"133,611",32.0,"162,813",71,"78,355"
2021,    7-or-more person families,60,-,0,-,0,-,0,-,12,-,3,-,0,-,34,-,0,-,0,-,37.0,"160,536",0,-
2021,    No earners,72,-,52,-,56,-,59,-,34,-,76,-,37,-,55,-,76,"27,984",88,-,116.0,"16,818",37,"21,595"
2021,    1 earner,259,-,80,"69,306",95,"42,212",274,"56,400",275,"44,063",203,"56,888",125,"54,050",218,"51,167",235,"35,884",388,"29,231",155.0,"63,173",329,"42,083"
2021,    2 earners,452,"168,864",296,"139,286",239,"126,518",310,"108,750",375,"82,989",377,"165,046",276,"121,875",332,"105,417",402,"67,065",308,"92,558",206.0,"67,917",486,"94,500"
2021,    3 or more earners,52,-,7,-,42,-,86,"83,462",81,"84,539",110,"117,727",136,"225,441",111,"104,188",170,"99,444",167,"105,729",128.0,"105,714",55,"95,125"
2021,    Nonfamily households,"1,431","79,844","1,121","101,010","1,021","51,563",888,"44,194",426,-,795,"58,750",879,"60,625",781,"68,915",479,"44,441",160,"42,583",336.0,"61,125",821,"37,574"
2021,        Female householder,754,"76,786",602,"85,593",525,"47,656",465,"44,375",219,"54,688",462,"72,188",521,"77,472",344,"66,932",273,"43,702",31,-,94.0,"52,400",335,"34,504"
2021,            Living alone,490,"62,381",445,"67,933",427,"32,813",389,"33,750",148,"42,500",407,"55,847",350,"51,923",235,"41,205",201,"34,583",31,-,90.0,"52,200",301,"34,173"
2021,            Not living alone,264,"87,439",157,"87,309",98,"101,500",76,"101,000",71,-,55,"195,469",171,"152,633",109,"106,198",72,-,0,-,4.0,-,34,"90,536"
2021,        Male householder,677,"83,839",519,"137,844",496,"60,147",423,"44,107",207,-,333,"58,147",358,"48,750",437,"68,978",206,"52,714",129,"42,891",242.0,"72,986",486,-
2021,            Living alone,471,"75,458",301,"72,614",351,"53,403",329,"38,393",175,"13,523",244,"37,717",291,"42,607",363,"68,598",184,"44,048",89,-,76.0,-,350,"23,750"
2021,            Not living alone,206,"162,667",218,"250,000+",145,"86,298",94,"162,222",32,-,89,"198,967",67,"102,031",74,"131,094",22,-,40,-,166.0,-,136,"219,052"
2022,    Households,"2,292","105,222","1,479","112,656","1,539","63,709","1,584","70,231","1,232","61,204","1,610","82,222","1,447","80,669","1,505","74,547","1,342","67,222","1,089","51,292",923.0,"69,097","1,816","56,763"
2022,        One race--,,,,,,,,,,,,,,,,,,,,,,,,
2022,            White,"1,089","123,449",802,"114,063",543,"69,267",556,"72,250",246,"86,176",433,"90,729",649,"75,972",321,"133,867",238,"105,417",122,"92,841",143.0,"175,625",511,"103,352"
2022,            Black or African American,403,"102,596",233,"125,563",452,"61,250",267,-,303,"90,757",365,"87,977",318,"74,500",556,"73,728",331,"71,493",214,"47,813",128.0,"56,250",345,"38,403"
2022,            American Indian and Alaska Native,0,-,0,-,13,-,8,-,6,-,0,-,32,-,27,-,11,-,16,-,20.0,-,35,-
2022,            Asian,540,"103,393",215,"148,375",434,-,443,"63,984",448,"56,957",478,"77,188",239,-,315,"104,519",521,"31,602",382,"90,294",365.0,"48,125",655,"44,028"
2022,            Native Hawaiian and Other Pacific Islander,0,-,5,-,0,-,0,-,0,-,22,-,0,-,0,-,0,-,34,-,0.0,-,0,-
2022,            Some other race,52,-,55,-,29,-,229,"78,583",203,-,138,-,57,"39,625",169,"57,396",159,"75,924",148,-,199.0,-,228,"65,486"
2022,        Two or more races,208,"102,321",169,"79,875",68,"82,500",81,"119,732",26,-,174,"90,750",152,"165,918",117,"70,912",82,-,173,"35,457",68.0,"78,378",42,"150,278"
2022,        Hispanic or Latino origin (of any race),203,"126,893",222,"104,545",61,"65,972",303,"72,875",209,-,189,"92,125",237,"56,641",237,"82,750",203,"76,467",290,"43,625",259.0,"78,277",309,"54,688"
2022,"        White alone, not Hispanic or Latino","1,007","122,755",760,"112,813",535,"69,612",502,"74,545",217,"85,662",421,"91,979",541,"88,472",276,"132,969",216,"133,182",88,"66,875",125.0,"177,292",432,"118,214"
2022,    15 to 24 years,15,-,0,-,54,-,87,"43,547",102,-,30,-,10,-,67,-,63,-,20,-,30.0,"80,714",54,"38,611"
2022,    25 to 44 years,"1,042","126,744",933,"150,739",791,"94,350",833,"85,063",547,"82,266",689,"135,052",694,"90,933",578,"92,917",682,"73,391",521,"46,705",450.0,"82,500",494,"93,750"
2022,    45 to 64 years,671,"103,486",346,"84,375",326,"37,431",387,"71,449",337,-,563,"80,486",546,-,743,"73,940",377,"50,750",372,"63,333",267.0,"57,344",792,"65,227"
2022,    65 years and over,564,"85,833",200,"43,214",368,"20,089",277,"20,398",246,"23,929",328,"30,769",197,-,117,"74,063",220,"43,382",176,"39,559",176.0,"33,250",476,"25,750"
2022,    Families,715,"129,708",458,"98,750",450,"95,962",709,"83,920",848,"74,315",794,"88,775",465,"97,031",624,"89,063",915,"73,491",902,"57,708",584.0,"53,828",941,"82,361"
2022,        With own children of householder under 18 years,278,"131,923",158,-,71,"47,446",242,"47,396",317,"77,639",238,"64,891",185,-,250,"55,694",409,"73,807",469,-,214.0,"92,500",376,"48,929"
2022,        With no own children of householder under 18 years,437,"128,042",300,"94,211",379,"126,806",467,"92,067",531,"73,891",556,"90,833",280,"89,706",374,"112,283",506,"68,553",433,"62,042",370.0,"42,250",565,"99,813"
2022,        Married-couple families,507,"165,592",346,"158,214",324,"71,667",468,"106,563",455,"61,991",516,"115,250",316,"166,250",462,"95,833",548,"74,023",397,"92,969",367.0,"73,472",550,"85,956"
2022,            With own children under 18 years,202,-,119,"250,000+",71,"47,446",108,-,172,-,135,-,128,"168,750",203,"57,431",320,"74,454",179,"134,485",169.0,"94,750",210,"47,738"
2022,"        Female householder, no spouse present",155,"107,596",97,"83,413",51,-,118,"56,750",257,"57,228",177,"59,485",115,-,112,-,197,"70,521",347,"37,537",153.0,"42,438",295,"52,563"
2022,            With own children under 18 years,31,-,39,-,0,-,62,"39,412",89,-,81,-,47,-,47,"33,264",47,-,198,-,32.0,-,135,-
2022,"        Male householder, no spouse present",53,"2,500-",15,-,75,-,123,"70,060",136,"97,672",101,"88,554",34,-,50,-,170,"81,136",158,-,64.0,"35,769",96,"104,773"
2022,            With own children under 18 years,45,"2,500-",0,-,0,-,72,"56,184",56,-,22,-,10,-,0,-,42,"80,114",92,-,13.0,-,31,-
2022,    2-person families,347,"103,661",312,"92,632",345,"122,083",396,"77,361",346,-,453,-,226,"58,929",262,"117,833",238,"39,274",274,"60,833",230.0,"36,786",354,"107,609"
2022,    3-person families,186,"184,167",55,"76,635",61,"47,337",219,"83,438",256,"73,427",166,"124,500",78,-,132,"111,196",224,"89,000",147,"40,438",110.0,"38,864",196,"66,736"
2022,    4-person families,34,-,77,"250,000+",44,"250,000+",45,-,193,-,125,"88,799",92,"247,500",131,-,294,"74,684",277,-,88.0,"76,071",249,-
2022,    5-person families,15,-,14,-,0,-,49,"107,212",22,"78,611",7,-,35,"207,813",32,"33,261",131,-,204,"96,250",52.0,"113,929",40,"136,912"
2022,    6-person families,70,-,0,-,0,-,0,-,14,-,42,-,34,-,48,"44,900",28,-,0,-,70.0,"94,600",102,"87,273"
2022,    7-or-more person families,63,-,0,-,0,-,0,-,17,-,1,-,0,-,19,-,0,-,0,-,34.0,"123,750",0,-
2022,    No earners,61,-,68,"57,845",73,-,49,-,79,"14,363",124,"21,176",40,-,58,"74,375",107,"26,042",84,"17,019",100.0,"18,214",32,"21,600"
2022,    1 earner,203,-,79,"82,548",118,"46,111",260,"56,346",348,"55,543",242,"59,737",132,"44,861",192,"55,833",301,"72,658",358,"33,798",160.0,"51,250",368,"52,750"
2022,    2 earners,378,"184,333",305,"171,771",234,"190,521",318,"122,857",340,"91,447",376,"178,438",180,"168,250",298,"131,607",336,"76,196",287,"92,656",202.0,"67,308",396,"99,375"
2022,    3 or more earners,73,"96,425",6,-,25,-,82,"108,333",81,"110,662",52,-,113,"243,188",76,"112,174",171,"131,992",173,"127,798",122.0,"105,357",145,-
2022,    Nonfamily households,"1,577","103,087","1,021","113,594","1,089","57,434",875,"44,904",384,"24,470",816,"64,914",982,"76,389",881,"74,064",427,"53,644",187,"46,932",339.0,"77,601",875,"36,726"
2022,        Female householder,733,"92,891",507,"94,640",549,"41,406",410,-,181,"27,454",450,"89,000",636,"83,148",341,"83,304",198,"53,617",41,-,99.0,"63,516",393,"36,426"
2022,            Living alone,495,"78,396",350,-,422,"28,611",355,-,120,"24,412",357,"59,718",463,"59,464",205,"45,602",176,"53,750",32,-,94.0,"63,125",356,"35,775"
2022,            Not living alone,238,"128,000",157,"94,725",127,"124,934",55,"133,646",61,-,93,"212,596",173,"167,219",136,"155,500",22,-,9,-,5.0,-,37,"98,125"
2022,        Male householder,844,"103,769",514,"123,409",540,"66,150",465,"44,973",203,"18,674",366,-,346,"60,132",540,"74,012",229,"57,539",146,"48,438",240.0,"79,527",482,"37,778"
2022,            Living alone,633,"87,057",291,"95,536",368,"66,150",282,"40,139",169,"14,890",269,"41,182",252,"45,714",459,"73,586",177,"46,549",125,"48,281",68.0,-,360,"28,889"
2022,            Not living alone,211,"179,726",223,"250,000+",172,-,183,"147,950",34,-,97,"213,550",94,"99,773",81,"142,891",52,"91,806",21,-,172.0,"138,295",122,"236,250"
